"","Control","Heated","pvalues","V4","V5","Diff"
"40","C_O.DGDG(18:1/19:1)","H_O.DGDG(18:1/19:1)",0.000485553170755786,451990.64065,269591.80314,182398.83751
"43","C_M.DGTSA(14:0/18:3)","H_M.DGTSA(14:0/18:3)",0.000571638056197394,76696.4349,16374.6372557,60321.7976443
"127","C_M.TG(46:2)","H_M.TG(46:2)",0.000830368420038332,778455.671883333,475936.21252,302519.459363333
"39","C_M.DGDG(18:1/19:1)","H_M.DGDG(18:1/19:1)",0.00100019615606805,306643.286483333,165322.694528,141320.591955333
"37","C_M.DGDG(18:1/18:1)","H_M.DGDG(18:1/18:1)",0.00122238661454206,424250.13545,237910.14689,186339.98856
"88","C_O.HexCer(d18:2/16:1)_A","H_O.HexCer(d18:2/16:1)_A",0.0013480857175828,989989.864583333,482982.40626,507007.458323333
"90","C_O.HexCer(d18:2/16:1)_B","H_O.HexCer(d18:2/16:1)_B",0.00156215193688361,782918.270916667,378678.01876,404240.252156667
"23","C_M.DG(18:2/0:0/18:2)","H_M.DG(18:2/0:0/18:2)",0.00315679765710011,856624.234466667,493335.94065,363288.293816667
"229","C_M.TG(59:3)","H_M.TG(59:3)",0.00512974874141287,86480.602865,65115.789065,21364.8138
"57","C_M.DGTSA(16:0/18:3)_A","H_M.DGTSA(16:0/18:3)_A",0.0076840577565997,370091.007816667,139619.781261,230471.226555667
"119","C_M.PC(18:2/18:2)","H_M.PC(18:2/18:2)",0.00808194489503705,4347995.91666667,1757896.95625,2590098.96041667
"51","C_M.DGTSA(16:0/16:2)","H_M.DGTSA(16:0/16:2)",0.00975503562906115,101805.744803333,53401.141603,48404.603200333
"62","C_O.DGTSA(16:0/18:4)","H_O.DGTSA(16:0/18:4)",0.0126829381551356,230979.721366667,107866.675002,123113.046364667
"314","C_O.PE(18:2/18:2)","H_O.PE(18:2/18:2)",0.0130798671130464,3215628.47916667,966815.60626,2248812.87290667
"112","C_O.PC(18:1/18:2)_A","H_O.PC(18:1/18:2)_A",0.0136150273596961,4227203.70833333,2894493.7,1332710.00833333
"211","C_M.TG(56:6)_B","H_M.TG(56:6)_B",0.0140873950715555,576851.90625,409448.36566,167403.54059
"139","C_M.TG(48:1)","H_M.TG(48:1)",0.0160747036456115,3034633.83333333,1943005.8375,1091627.99583333
"120","C_O.PC(18:2/18:2)","H_O.PC(18:2/18:2)",0.0178211341133992,7147249,3969515.175,3177733.825
"11","C_M.DG(16:0/18:2/0:0)","H_M.DG(16:0/18:2/0:0)",0.0181927543172424,788812.59375,414855.17658,373957.41717
"13","C_M.DG(16:1/18:1/0:0)_A","H_M.DG(16:1/18:1/0:0)_A",0.0181927543172424,788812.59375,414855.17658,373957.41717
"187","C_M.TG(54:2)","H_M.TG(54:2)",0.0182569239806627,3722854.08333333,2656885.65,1065968.43333333
"100","C_O.PC(16:0/18:2)","H_O.PC(16:0/18:2)",0.0190955725322735,4001017.04166667,2395052.25,1605964.79166667
"167","C_M.TG(52:3)","H_M.TG(52:3)",0.0192208683819512,9168887.66666667,6721460.55,2447427.11666667
"67","C_M.DGTSA(16:1/18:1)_A","H_M.DGTSA(16:1/18:1)_A",0.0201223018988214,2105736.22916667,1222700.01875,883036.21041667
"66","C_O.DGTSA(16:1/16:1)","H_O.DGTSA(16:1/16:1)",0.0202522173928969,3296060.20833333,1766559.1125,1529501.09583333
"41","C_M.DGDG(19:1/19:1)","H_M.DGDG(19:1/19:1)",0.0202995344278844,5448681.25,3951662.9375,1497018.3125
"65","C_M.DGTSA(16:1/16:1)","H_M.DGTSA(16:1/16:1)",0.0204598220922701,1752674.47916667,1061986.05313,690688.42603667
"129","C_M.TG(46:3)","H_M.TG(46:3)",0.0205000300184981,422311.0443,220559.22892,201751.81538
"84","C_O.DGTSA(18:1/18:2)","H_O.DGTSA(18:1/18:2)",0.0258127764165794,1850125.26041667,896642.53126,953482.72915667
"93","C_M.HexCer(d34:3)","H_M.HexCer(d34:3)",0.0258565140026225,561889.229183333,247490.67266,314398.556523333
"72","C_O.DGTSA(16:1/18:2)","H_O.DGTSA(16:1/18:2)",0.0265818581406582,601401.554683333,215693.914072,385707.640611333
"197","C_M.TG(54:7)","H_M.TG(54:7)",0.0270676382856397,763582.520833333,485507.41877,278075.102063333
"213","C_M.TG(56:7)","H_M.TG(56:7)",0.0274135412426532,488034.442716667,359369.36096,128665.081756667
"15","C_M.DG(16:1/18:1/0:0)_B","H_M.DG(16:1/18:1/0:0)_B",0.0285954160087079,455096.20835,317457.55158,137638.65677
"50","C_O.DGTSA(16:0/16:1)_B","H_O.DGTSA(16:0/16:1)_B",0.0287999369500475,10362839.5,7247674,3115165.5
"122","C_O.PC(19:1/0:0)","H_O.PC(19:1/0:0)",0.0288405316350564,79818.6308683333,35347.688282,44470.9425863333
"22","C_O.DG(18:1/18:2/0:0)","H_O.DG(18:1/18:2/0:0)",0.0306034213230647,955620.03125,757109.8625,198510.16875
"195","C_M.TG(54:6)","H_M.TG(54:6)",0.0309289886766342,10530177.4166667,6676891.175,3853286.2416667
"163","C_M.TG(52:1)","H_M.TG(52:1)",0.0312531274961961,937604.71875,614502.38439,323102.33436
"217","C_M.TG(58:1)","H_M.TG(58:1)",0.0318006981026362,80558.33073,57049.868362,23508.462368
"44","C_O.DGTSA(14:0/18:3)","H_O.DGTSA(14:0/18:3)",0.0330982965987064,163423.589848333,32710.690624,130712.899224333
"21","C_M.DG(18:1/18:2/0:0)","H_M.DG(18:1/18:2/0:0)",0.0332122918901549,1082435.55208333,762415.38438,320020.16770333
"99","C_M.PC(16:0/18:2)","H_M.PC(16:0/18:2)",0.0358490535797147,2651229.79166667,1451848.175,1199381.61666667
"126","C_O.PC(20:4/20:4)","H_O.PC(20:4/20:4)",0.0363726795380842,474903.77085,272841.773458,202061.997392
"290","C_O.PE(16:1/18:2)","H_O.PE(16:1/18:2)",0.0364943840505078,440077.01303,152123.16485,287953.84818
"276","C_O.PE(16:0/18:2);PE(16:1/18:1)","H_O.PE(16:0/18:2);PE(16:1/18:1)",0.0384733943822703,4275332.36458333,1446913.8625,2828418.50208333
"384","C_O.PI(16:0/17:0)","H_O.PI(16:0/17:0)",0.0447020829643723,164073.223784,72498.6261638,91574.5976202
"227","C_M.TG(59:2)","H_M.TG(59:2)",0.0455155817922917,93322.8880266667,73417.7375,19905.1505266667
"104","C_O.PC(16:1/18:1)","H_O.PC(16:1/18:1)",0.0460190628386304,3097916.58333333,2134698.75,963217.83333333
"275","C_M.PE(16:0/18:2);PE(16:1/18:1)","H_M.PE(16:0/18:2);PE(16:1/18:1)",0.0469259484855206,2962294.70833333,1616199.92813,1346094.78020333
"153","C_M.TG(50:3)","H_M.TG(50:3)",0.0475447767428802,4084238.875,2529410.975,1554827.9
"135","C_M.TG(47:3)","H_M.TG(47:3)",0.0477910950997188,239078.045593333,166702.578136,72375.467457333
"5","C_M.CoQ9","H_M.CoQ9",0.0492718125952649,819440.692733333,510695.68439,308745.008343333
"118","C_O.PC(18:1/20:4)","H_O.PC(18:1/20:4)",0.0536472974930938,707240.1875,487231.57814,220008.60936
"4","C_O.CoQ8","H_O.CoQ8",0.0546672644279831,481678.958333333,342240.75938,139438.198953333
"6","C_O.CoQ9","H_O.CoQ9",0.05512458872391,686280.3125,543950.95,142329.3625
"169","C_M.TG(52:4)","H_M.TG(52:4)",0.0562315561934527,6659945.75,4363289.575,2296656.175
"30","C_O.DGDG(15:0/16:1)","H_O.DGDG(15:0/16:1)",0.0572441653786562,373287.7344,265623.92814,107663.80626
"378","C_O.PG(18:1/19:1)","H_O.PG(18:1/19:1)",0.059461703215452,757247.545566667,386833.81876,370413.726806667
"111","C_M.PC(18:1/18:2)_A","H_M.PC(18:1/18:2)_A",0.0607279596857238,2695473.4375,1338422.425,1357051.0125
"382","C_O.PI(15:0/15:0)","H_O.PI(15:0/15:0)",0.0616886842428972,492864.601565,188627.998462,304236.603103
"338","C_O.PG(15:0/16:0)_B","H_O.PG(15:0/16:0)_B",0.0626345316741999,1122764.01823333,570232.09376,552531.92447333
"289","C_M.PE(16:1/18:2)","H_M.PE(16:1/18:2)",0.0633314022877747,258976.38415,156567.876576,102408.507574
"175","C_M.TG(53:2)","H_M.TG(53:2)",0.0636859247176206,808846.65625,548869.55626,259977.09999
"161","C_M.TG(51:4)","H_M.TG(51:4)",0.0643355403234576,713133.479166667,344116.02503,369017.454136667
"317","C_M.PE(35:2)","H_M.PE(35:2)",0.067421287939758,4440856.5,2663576.1375,1777280.3625
"205","C_M.TG(56:3)","H_M.TG(56:3)",0.0686772479001706,860750.697916667,621094.75158,239655.946336667
"12","C_O.DG(16:0/18:2/0:0)","H_O.DG(16:0/18:2/0:0)",0.070263041072509,1008788.80208333,558933.34376,449855.45832333
"14","C_O.DG(16:1/18:1/0:0)_A","H_O.DG(16:1/18:1/0:0)_A",0.070263041072509,1008788.80208333,558933.34376,449855.45832333
"83","C_M.DGTSA(18:1/18:2)","H_M.DGTSA(18:1/18:2)",0.0710990125688154,1242488.36718333,660312.73907,582175.62811333
"98","C_O.PC(15:0/16:1)","H_O.PC(15:0/16:1)",0.0716895036569901,588324.8021,395105.390646,193219.411454
"165","C_M.TG(52:2)","H_M.TG(52:2)",0.0718221833317232,9059524.75,7229118.9,1830405.85
"9","C_M.DG(16:0/18:1/0:0)","H_M.DG(16:0/18:1/0:0)",0.072399661435449,824187.145833333,650097.58751,174089.558323333
"151","C_M.TG(50:2)","H_M.TG(50:2)",0.0726647135138908,4717653.33333333,3254719.95,1462933.38333333
"193","C_M.TG(54:5)","H_M.TG(54:5)",0.0730852260533504,11513578.1666667,9345612.15,2167966.0166667
"117","C_M.PC(18:1/20:4)","H_M.PC(18:1/20:4)",0.0735310462067996,428652.476583333,281109.32971,147543.146873333
"49","C_M.DGTSA(16:0/16:1)_B","H_M.DGTSA(16:0/16:1)_B",0.0738349023217043,6228127.41666667,4564079.25,1664048.16666667
"177","C_M.TG(53:3)","H_M.TG(53:3)",0.073970738669418,1235098.36458333,832958.1125,402140.25208333
"3","C_M.CoQ8","H_M.CoQ8",0.0758094362757327,681446.135416667,463499.75003,217946.385386667
"64","C_O.DGTSA(16:0/19:1);DGTSA(16:1/19:0)","H_O.DGTSA(16:0/19:1);DGTSA(16:1/19:0)",0.0776523664472812,467091.020866667,359009.4719,108081.548966667
"341","C_M.PG(15:0/16:1)_B","H_M.PG(15:0/16:1)_B",0.0784220674972311,305312.490556667,124424.074417,180888.416139667
"69","C_M.DGTSA(16:1/18:1)_B","H_M.DGTSA(16:1/18:1)_B",0.0794018218696985,511331.9167,348345.88757,162986.02913
"171","C_M.TG(52:5)","H_M.TG(52:5)",0.0806078623391835,2206812.75,870195.13125,1336617.61875
"159","C_M.TG(51:2)","H_M.TG(51:2)",0.0814974374934656,1598899.86466667,925715.875,673183.98966667
"199","C_M.TG(55:3)","H_M.TG(55:3)",0.0816836156793118,337640.34115,265558.12658,72082.21457
"115","C_M.PC(18:1/19:1)","H_M.PC(18:1/19:1)",0.0831995445910991,8024640.25,6010146.025,2014494.225
"38","C_O.DGDG(18:1/18:1)","H_O.DGDG(18:1/18:1)",0.0838449800583379,492972.916683333,320891.7594,172081.157283333
"60","C_O.DGTSA(16:0/18:3)_B","H_O.DGTSA(16:0/18:3)_B",0.0858106486742003,303827.903643333,78477.259766,225350.643877333
"313","C_M.PE(18:2/18:2)","H_M.PE(18:2/18:2)",0.0861863730132086,2223335.23958333,1435345.38439,787989.85519333
"221","C_M.TG(58:2)","H_M.TG(58:2)",0.0867048569881757,364844.750033333,283821.70939,81023.040643333
"68","C_O.DGTSA(16:1/18:1)_A","H_O.DGTSA(16:1/18:1)_A",0.086764669461182,2831969.91666667,2082014.45,749955.46666667
"340","C_O.PG(15:0/16:1)_A","H_O.PG(15:0/16:1)_A",0.0874167754445774,422926.740893333,229793.309378,193133.431515333
"203","C_M.TG(56:2)","H_M.TG(56:2)",0.0874474001153125,566882.697933333,432985.98282,133896.715113333
"53","C_M.DGTSA(16:0/18:1)","H_M.DGTSA(16:0/18:1)",0.0882745969819553,3934657.45833333,2989672.6,944984.85833333
"201","C_M.TG(56:1)","H_M.TG(56:1)",0.0890843054275439,124507.048176667,99878.580477,24628.467699667
"94","C_O.HexCer(d34:3)","H_O.HexCer(d34:3)",0.0893036067851657,389215.64065,273196.925,116018.71565
"362","C_O.PG(16:1/16:1)","H_O.PG(16:1/16:1)",0.0906750411752564,396142.966155,204069.53752,192073.428635
"371","C_M.PG(17:1/19:1)","H_M.PG(17:1/19:1)",0.0976850092757655,276240.20835,139672.204695,136568.003655
"305","C_M.PE(18:1/18:2)_A","H_M.PE(18:1/18:2)_A",0.100433313686943,2052559.26041667,1047898.91564,1004660.34477667
"102","C_O.PC(16:1/16:1)","H_O.PC(16:1/16:1)",0.101067404047076,566551.927083333,425479.42502,141072.502063333
"364","C_O.PG(16:1/18:1)","H_O.PG(16:1/18:1)",0.101169729495198,537778.932288333,315365.88438,222413.047908333
"18","C_O.DG(17:0/0:0/17:0)","H_O.DG(17:0/0:0/17:0)",0.101733052042158,320725.307333333,260955.2344,59770.072933333
"265","C_M.PE(15:1/16:1)_B","H_M.PE(15:1/16:1)_B",0.1022694034152,323088.669283333,178309.462497,144779.206786333
"361","C_M.PG(16:1/16:1)","H_M.PG(16:1/16:1)",0.10303820041931,389724.365251667,178647.403709,211076.961542667
"1","C_M.CoQ10","H_M.CoQ10",0.103439023882169,2082696.22916667,1706264.4125,376431.81666667
"231","C_M.TG(60:2)","H_M.TG(60:2)",0.104504305283446,230207.571616667,181319.41095,48888.160666667
"80","C_O.DGTSA(18:0/18:2);DGTSA(18:1/18:1)","H_O.DGTSA(18:0/18:2);DGTSA(18:1/18:1)",0.105071534887851,2006764.375,1185781.4501,820982.9249
"348","C_O.PG(15:0/18:1);PG(16:1/17:0)","H_O.PG(15:0/18:1);PG(16:1/17:0)",0.105323577731816,585385.380208333,313636.89688,271748.483328333
"136","C_O.TG(47:3)","H_O.TG(47:3)",0.106939590451767,249181.237,187684.57191,61496.66509
"339","C_M.PG(15:0/16:1)_A","H_M.PG(15:0/16:1)_A",0.111377213306216,441451.493491667,218470.694141,222980.799350667
"381","C_M.PI(15:0/15:0)","H_M.PI(15:0/15:0)",0.111963558835047,392140.346693333,134479.302054,257661.044639333
"342","C_O.PG(15:0/16:1)_B","H_O.PG(15:0/16:1)_B",0.113054974890547,262522.873715,132071.041426,130451.832289
"155","C_M.TG(50:4)","H_M.TG(50:4)",0.114229297070356,951709.208333333,649309.04376,302400.164573333
"356","C_O.PG(16:0/17:1)","H_O.PG(16:0/17:1)",0.114229558887814,498882.666676667,258597.375006,240285.291670667
"347","C_M.PG(15:0/18:1);PG(16:1/17:0)","H_M.PG(15:0/18:1);PG(16:1/17:0)",0.114774039732794,601269.647223333,314498.676566,286770.970657333
"246","C_O.PE(14:1/15:0);PE(13:0/16:1)","H_O.PE(14:1/15:0);PE(13:0/16:1)",0.115048886741447,144496.117836667,105731.63438,38764.483456667
"352","C_O.PG(16:0/16:1)","H_O.PG(16:0/16:1)",0.11592097835751,979279.328133333,571386.74064,407892.587493333
"173","C_M.TG(53:1)","H_M.TG(53:1)",0.116276808361464,270257.067733333,196740.0047,73517.063033333
"78","C_O.DGTSA(18:0/18:1)","H_O.DGTSA(18:0/18:1)",0.118228286693488,809741.96875,636807.3,172934.66875
"149","C_M.TG(50:1)","H_M.TG(50:1)",0.118622577356801,1342337.23958333,886657.30625,455679.93333333
"103","C_M.PC(16:1/18:1)","H_M.PC(16:1/18:1)",0.120514967865367,3757349.625,2691130.9,1066218.725
"24","C_O.DG(18:2/0:0/18:2)","H_O.DG(18:2/0:0/18:2)",0.120759203411788,1952105.25,812743.6375,1139361.6125
"355","C_M.PG(16:0/17:1)","H_M.PG(16:0/17:1)",0.121480446085922,409724.92122,209477.892973,200247.028247
"179","C_M.TG(53:4)","H_M.TG(53:4)",0.121482912802266,810994.375,624971.39688,186022.97812
"181","C_M.TG(53:5)","H_M.TG(53:5)",0.121985404342469,422645.20835,318898.8047,103746.40365
"233","C_M.TG(60:3)","H_M.TG(60:3)",0.122178851136279,230431.354166667,175442.485936,54988.868230667
"240","C_O.PE(13:0/15:0)","H_O.PE(13:0/15:0)",0.122936938275358,295379.980481667,211069.82814,84310.152341667
"333","C_M.PG(15:0/15:0)","H_M.PG(15:0/15:0)",0.123584517156543,396382.157556667,210998.1504,185384.007156667
"101","C_M.PC(16:1/16:1)","H_M.PC(16:1/16:1)",0.124645608102355,762733.046883333,527098.52344,235634.523443333
"87","C_M.HexCer(d18:2/16:1)_A","H_M.HexCer(d18:2/16:1)_A",0.126648436080785,412742.085966667,322893.10002,89848.985946667
"79","C_M.DGTSA(18:0/18:2);DGTSA(18:1/18:1)","H_M.DGTSA(18:0/18:2);DGTSA(18:1/18:1)",0.126902307580098,1507512.41666667,905288.42501,602223.99165667
"365","C_M.PG(16:1/19:1);PG(17:1/18:1)","H_M.PG(16:1/19:1);PG(17:1/18:1)",0.126991734589764,202377.518888333,112865.409482,89512.109406333
"273","C_M.PE(16:0/18:1);PE(15:0/19:1)","H_M.PE(16:0/18:1);PE(15:0/19:1)",0.127064209233913,3295706.95833333,2268454.2125,1027252.74583333
"71","C_M.DGTSA(16:1/18:2)","H_M.DGTSA(16:1/18:2)",0.128255207063785,512036.996761667,228781.28029,283255.716471667
"144","C_O.TG(48:3)","H_O.TG(48:3)",0.131649643974719,3987121.625,3012101.475,975020.15
"350","C_O.PG(16:0/16:0)","H_O.PG(16:0/16:0)",0.135619648291575,324044.13477,191511.95234,132532.18243
"235","C_M.Cer(d18:0/16:0)","H_M.Cer(d18:0/16:0)",0.136956988128048,690401.911466667,502470.44846,187931.463006667
"380","C_O.PG(19:1/19:1)","H_O.PG(19:1/19:1)",0.138549755870499,870061.640633333,580580.67502,289480.965613333
"63","C_M.DGTSA(16:0/19:1);DGTSA(16:1/19:0)","H_M.DGTSA(16:0/19:1);DGTSA(16:1/19:0)",0.139463699879738,670133.640716667,532821.34689,137312.293826667
"16","C_O.DG(16:1/18:1/0:0)_B","H_O.DG(16:1/18:1/0:0)_B",0.140827203772067,266446.802083333,197518.85626,68927.945823333
"279","C_M.PE(16:1/16:1)","H_M.PE(16:1/16:1)",0.141652999518697,6803458.83333333,4692029.35,2111429.48333333
"19","C_M.DG(18:1/0:0/18:1)","H_M.DG(18:1/0:0/18:1)",0.144069292890233,2008888.10416667,1541147.8,467740.30416667
"287","C_M.PE(16:1/18:1)","H_M.PE(16:1/18:1)",0.145258712190514,6434936.45833333,3872335.8375,2562600.62083333
"157","C_M.TG(51:1)","H_M.TG(51:1)",0.147032430784466,456168.815133333,338842.5891,117326.226033333
"77","C_M.DGTSA(18:0/18:1)","H_M.DGTSA(18:0/18:1)",0.147617226868751,853427.84375,633952.20625,219475.6375
"285","C_M.PE(16:1/17:1)_B","H_M.PE(16:1/17:1)_B",0.148542287936994,1209894.3125,789771.13132,420123.18118
"172","C_O.TG(52:5)","H_O.TG(52:5)",0.149490804025403,902160.989583333,745368.05,156792.939583333
"368","C_O.PG(17:0/17:0)","H_O.PG(17:0/17:0)",0.152675144452867,568787.350928333,331403.770308,237383.580620333
"358","C_O.PG(16:0/18:1);PG(16:1/18:0)","H_O.PG(16:0/18:1);PG(16:1/18:0)",0.154698015316028,2242550.53646667,1519084.975,723465.56146667
"145","C_M.TG(49:1)","H_M.TG(49:1)",0.156252673339904,714028.27085,484036.07501,229992.19584
"363","C_M.PG(16:1/18:1)","H_M.PG(16:1/18:1)",0.156927999960652,543667.708341667,322686.11056,220981.597781667
"128","C_O.TG(46:2)","H_O.TG(46:2)",0.157152860388476,650271.427083333,542057.95626,108213.470823333
"334","C_O.PG(15:0/15:0)","H_O.PG(15:0/15:0)",0.157475076915259,375825.260426667,221014.79066,154810.469766667
"220","C_O.TG(58:11)","H_O.TG(58:11)",0.160636882267803,154862.710946667,119130.176564,35732.534382667
"366","C_O.PG(16:1/19:1);PG(17:1/18:1)","H_O.PG(16:1/19:1);PG(17:1/18:1)",0.160846770186634,188061.68947,125885.42108,62176.26839
"306","C_O.PE(18:1/18:2)_A","H_O.PE(18:1/18:2)_A",0.162408160466078,1474896.96875,1084495.85,390401.11875
"266","C_O.PE(15:1/16:1)_B","H_O.PE(15:1/16:1)_B",0.162717752508373,210233.21876,158700.71874,51532.50002
"372","C_O.PG(17:1/19:1)","H_O.PG(17:1/19:1)",0.164279648483921,277949.117838333,178571.13905,99377.978788333
"56","C_O.DGTSA(16:0/18:2)","H_O.DGTSA(16:0/18:2)",0.165289207054186,9625310.54166667,6726928.125,2898382.41666667
"249","C_M.PE(15:0/16:0)","H_M.PE(15:0/16:0)",0.165773133752494,1490626.84375,1024426.68438,466200.15937
"237","C_M.Cer(d18:1/16:0)","H_M.Cer(d18:1/16:0)",0.166267350178768,478127.638033333,349950.93125,128176.706783333
"281","C_M.PE(16:1/17:0);PE(15:0/18:1)","H_M.PE(16:1/17:0);PE(15:0/18:1)",0.167107029803853,5121815.875,3553078.1625,1568737.7125
"301","C_M.PE(17:1/19:1)","H_M.PE(17:1/19:1)",0.170879158433071,4972998.20833333,3088522.45,1884475.75833333
"59","C_M.DGTSA(16:0/18:3)_B","H_M.DGTSA(16:0/18:3)_B",0.17094433958206,1202091.88151667,190157.489747,1011934.39176967
"377","C_M.PG(18:1/19:1)","H_M.PG(18:1/19:1)",0.174834778794874,586243.981783333,372818.93907,213425.042713333
"259","C_M.PE(15:0/17:1);PE(16:0/16:1)","H_M.PE(15:0/17:1);PE(16:0/16:1)",0.179239432569704,4783727.83333333,3361228.9875,1422498.84583333
"253","C_M.PE(15:0/16:1)_B","H_M.PE(15:0/16:1)_B",0.181375937503613,1190394.79175,877588.90939,312805.88236
"73","C_M.DGTSA(17:0/17:0)","H_M.DGTSA(17:0/17:0)",0.184995436030599,2097422.3125,1731370.3125,366052
"353","C_M.PG(16:0/17:0)","H_M.PG(16:0/17:0)",0.185294585223296,180315.692391667,112058.1145604,68257.577831267
"346","C_O.PG(15:0/17:1)","H_O.PG(15:0/17:1)",0.187503213901864,391573.960956667,230031.352348,161542.608608667
"351","C_M.PG(16:0/16:1)","H_M.PG(16:0/16:1)",0.188128339693238,930698.677083333,574492.547661,356206.129422333
"52","C_O.DGTSA(16:0/16:2)","H_O.DGTSA(16:0/16:2)",0.1892617144993,168644.365916667,131774.44689,36869.919026667
"185","C_M.TG(54:1)","H_M.TG(54:1)",0.191592413857755,482508.89845,365921.96253,116586.93592
"367","C_M.PG(17:0/17:0)","H_M.PG(17:0/17:0)",0.192510407631822,442159.944026667,292748.229705,149411.714321667
"223","C_M.TG(58:3)","H_M.TG(58:3)",0.192738068206742,255677.14065,211979.51409,43697.62656
"335","C_M.PG(15:0/16:0)_A","H_M.PG(15:0/16:0)_A",0.19300708758779,241366.817716667,164265.91699,77100.900726667
"345","C_M.PG(15:0/17:1)","H_M.PG(15:0/17:1)",0.193855787035403,360320.372401667,229803.259188,130517.113213667
"369","C_M.PG(17:0/17:1)","H_M.PG(17:0/17:1)",0.196363637240121,206987.981443333,130725.383506,76262.597937333
"374","C_O.PG(18:0/18:1)","H_O.PG(18:0/18:1)",0.200809330182796,318114.91473,234781.10472,83333.81001
"70","C_O.DGTSA(16:1/18:1)_B","H_O.DGTSA(16:1/18:1)_B",0.205297889812216,688706.411466667,582165.8375,106540.573966667
"349","C_M.PG(16:0/16:0)","H_M.PG(16:0/16:0)",0.214705275142177,254970.942711667,168658.984567,86311.958144667
"133","C_M.TG(47:2)","H_M.TG(47:2)",0.215026679306102,741401.411466667,634622.27501,106779.136456667
"370","C_O.PG(17:0/17:1)","H_O.PG(17:0/17:1)",0.215136906319753,192790.656276667,135297.934392,57492.721884667
"239","C_M.PE(13:0/15:0)","H_M.PE(13:0/15:0)",0.215207985245495,411832.283966667,281535.144544,130297.139422667
"108","C_O.PC(18:1/18:1)_A","H_O.PC(18:1/18:1)_A",0.216422607274039,409640.989616667,359387.22814,50253.761476667
"189","C_M.TG(54:3)","H_M.TG(54:3)",0.216735933719565,16450000,14857617.9,1592382.1
"191","C_M.TG(54:4)","H_M.TG(54:4)",0.222631487588437,13616666.6666667,12462403.1,1154263.5666667
"222","C_O.TG(58:2)","H_O.TG(58:2)",0.227148728821501,304435.3542,256668.19688,47767.15732
"61","C_M.DGTSA(16:0/18:4)","H_M.DGTSA(16:0/18:4)",0.228463925683686,132424.858733333,76049.490624,56375.368109333
"225","C_M.TG(58:9)","H_M.TG(58:9)",0.232583024443234,277162.062516667,242008.49533,35153.567186667
"271","C_M.PE(16:0/17:1)","H_M.PE(16:0/17:1)",0.235023006334582,4432957.125,3147135.875,1285821.25
"360","C_O.PG(16:0/19:1)","H_O.PG(16:0/19:1)",0.236053648657616,751557.386716667,593036.97188,158520.414836667
"96","C_O.PC(0:0/18:1)","H_O.PC(0:0/18:1)",0.236120458512673,231012.520858333,167174.43594,63838.084918333
"344","C_O.PG(15:0/17:0)","H_O.PG(15:0/17:0)",0.237229083089049,475929.1315,359859.6594,116069.4721
"134","C_O.TG(47:2)","H_O.TG(47:2)",0.238970829472976,777465.552083333,662735.56876,114729.983323333
"286","C_O.PE(16:1/17:1)_B","H_O.PE(16:1/17:1)_B",0.240112885879022,977503.8698,751720.10002,225783.76978
"131","C_M.TG(47:1)","H_M.TG(47:1)",0.241721317290675,478552.601583333,395074.8969,83477.704683333
"251","C_M.PE(15:0/16:1)_A","H_M.PE(15:0/16:1)_A",0.244113214391134,10883583.0833333,8574937.825,2308645.2583333
"214","C_O.TG(56:7)","H_O.TG(56:7)",0.248698567861304,368138.19795,339275.02502,28863.17293
"283","C_M.PE(16:1/17:1)_A","H_M.PE(16:1/17:1)_A",0.250706296815747,2635107.70833333,2079875.5375,555232.17083333
"10","C_O.DG(16:0/18:1/0:0)","H_O.DG(16:0/18:1/0:0)",0.252050981002492,625786.802083333,565362.8125,60423.989583333
"97","C_M.PC(15:0/16:1)","H_M.PC(15:0/16:1)",0.255475754286097,692816.192716667,577547.05001,115269.142706667
"82","C_O.DGTSA(18:1/18:1)","H_O.DGTSA(18:1/18:1)",0.25743242960063,5919137.83333333,5252154.7,666983.13333333
"245","C_M.PE(14:1/15:0);PE(13:0/16:1)","H_M.PE(14:1/15:0);PE(13:0/16:1)",0.257891345216131,223083.846366667,164629.736742,58454.109624667
"92","C_O.HexCer(d18:2/18:1)","H_O.HexCer(d18:2/18:1)",0.258364159779809,341106.3594,234968.90628,106137.45312
"309","C_M.PE(18:1/19:1)_A","H_M.PE(18:1/19:1)_A",0.259256635208953,2149760.42708333,1673345.05938,476415.36770333
"311","C_M.PE(18:1/19:1)_B","H_M.PE(18:1/19:1)_B",0.259467226130194,5242309.29166667,4227928.8375,1014380.45416667
"141","C_M.TG(48:2)","H_M.TG(48:2)",0.268098627216239,6028066.25,4917773.4,1110292.85
"95","C_M.PC(0:0/18:1)","H_M.PC(0:0/18:1)",0.270286799046987,271827.536463333,196052.924617,75774.611846333
"343","C_M.PG(15:0/17:0)","H_M.PG(15:0/17:0)",0.270607568808434,482072.9896,377539.046886,104533.942714
"47","C_M.DGTSA(16:0/16:1)_A","H_M.DGTSA(16:0/16:1)_A",0.27167091462697,1133263.94791667,989656.0563,143607.89161667
"291","C_M.PE(16:1/19:1)_B","H_M.PE(16:1/19:1)_B",0.272796270322998,637764.828133333,523419.7298,114345.098333333
"379","C_M.PG(19:1/19:1)","H_M.PG(19:1/19:1)",0.272993781223602,636942.286466667,477221.053925,159721.232541667
"318","C_O.PE(35:2)","H_O.PE(35:2)",0.278098749596656,3040074.3125,2579219.45,460854.8625
"299","C_M.PE(17:1/18:1);PE(16:1/19:1)_A","H_M.PE(17:1/18:1);PE(16:1/19:1)_A",0.280521021210677,1713835.53125,1322037.88438,391797.64687
"263","C_M.PE(15:1/16:1)_A","H_M.PE(15:1/16:1)_A",0.280621894314578,454104.890633333,359622.32813,94482.562503333
"337","C_M.PG(15:0/16:0)_B","H_M.PG(15:0/16:0)_B",0.281869588106023,936556.143233333,721292.361726,215263.781507333
"58","C_O.DGTSA(16:0/18:3)_A","H_O.DGTSA(16:0/18:3)_A",0.282953991274205,765330.97925,570441.33126,194889.64799
"331","C_M.PE(P-16:0/16:1)","H_M.PE(P-16:0/16:1)",0.291273658350068,1217880.44791667,984959.77189,232920.67602667
"123","C_M.PC(19:1/19:1)","H_M.PC(19:1/19:1)",0.29290261844547,38966666.6666667,35630000,3336666.6666667
"243","C_M.PE(14:0/16:1);PE(15:0/15:1)_B","H_M.PE(14:0/16:1);PE(15:0/15:1)_B",0.293060177575824,1406663.60416667,1108775.30314,297888.30102667
"357","C_M.PG(16:0/18:1);PG(16:1/18:0)","H_M.PG(16:0/18:1);PG(16:1/18:0)",0.294523217016714,1880961.14583333,1431986.68756,448974.45827333
"130","C_O.TG(46:3)","H_O.TG(46:3)",0.294648478723241,209858.565116667,189413.79064,20444.774476667
"125","C_M.PC(20:4/20:4)","H_M.PC(20:4/20:4)",0.295742887405352,186091.4779,159829.232055,26262.245845
"89","C_M.HexCer(d18:2/16:1)_B","H_M.HexCer(d18:2/16:1)_B",0.29598433125041,234337.979166667,213090.51723,21247.461936667
"54","C_O.DGTSA(16:0/18:1)","H_O.DGTSA(16:0/18:1)",0.296491251355958,5354353.875,4615590,738763.875
"107","C_M.PC(18:1/18:1)_A","H_M.PC(18:1/18:1)_A",0.297722025093522,475027.317733333,423734.38594,51292.931793333
"137","C_M.TG(48:0)","H_M.TG(48:0)",0.297874144701155,687776.531266667,576264.17501,111512.356256667
"45","C_M.DGTSA(15:0/17:0)","H_M.DGTSA(15:0/17:0)",0.30708386549149,698969.640633333,639110.82813,59858.812503333
"142","C_O.TG(48:2)","H_O.TG(48:2)",0.311350839229023,4637111.25,4102375.2,534736.05
"327","C_M.PE(O-16:0/15:1)","H_M.PE(O-16:0/15:1)",0.311531031189366,599571.429696667,472021.761716,127549.667980667
"354","C_O.PG(16:0/17:0)","H_O.PG(16:0/17:0)",0.311756407574692,195070.997085,155683.187906,39387.809179
"383","C_M.PI(16:0/17:0)","H_M.PI(16:0/17:0)",0.312307913756409,74118.754395,51067.5040528,23051.2503422
"325","C_M.PE(O-15:0/15:1)_B","H_M.PE(O-15:0/15:1)_B",0.312700293893071,2169771.3125,1642568.97188,527202.34062
"215","C_M.TG(56:8)","H_M.TG(56:8)",0.31303524599864,352402.864598333,234908.146115,117494.718483333
"140","C_O.TG(48:1)","H_O.TG(48:1)",0.313993588826543,2348766.16666667,2098956.35,249809.81666667
"138","C_O.TG(48:0)","H_O.TG(48:0)",0.315009194011258,450100.1797,405803.11252,44297.06718
"303","C_M.PE(18:1/18:1)","H_M.PE(18:1/18:1)",0.322990792144105,11758351.75,9929075,1829276.75
"332","C_O.PE(P-16:0/16:1)","H_O.PE(P-16:0/16:1)",0.324691107864487,1066042.01041667,871321.875,194720.13541667
"373","C_M.PG(18:0/18:1)","H_M.PG(18:0/18:1)",0.32506854351086,292973.804716667,243080.942194,49892.862522667
"319","C_M.PE(36:1)","H_M.PE(36:1)",0.325843122516414,964168.114583333,829367.2,134800.914583333
"228","C_O.TG(59:2)","H_O.TG(59:2)",0.329982824245827,85790.2565133333,78124.832032,7665.42448133329
"202","C_O.TG(56:1)","H_O.TG(56:1)",0.335825986619736,111589.457051667,103834.96405,7754.49300166701
"81","C_M.DGTSA(18:1/18:1)","H_M.DGTSA(18:1/18:1)",0.337572153529881,7680510.83333333,6867575.85,812934.983333331
"105","C_M.PC(17:1/19:1)","H_M.PC(17:1/19:1)",0.338653248618373,12688585.1666667,11394615.7,1293969.4666667
"198","C_O.TG(54:7)","H_O.TG(54:7)",0.339892256473137,602811.697933333,564327.39376,38484.304173333
"186","C_O.TG(54:1)","H_O.TG(54:1)",0.343956786794713,506814.661466667,432553.11876,74261.542706667
"336","C_O.PG(15:0/16:0)_A","H_O.PG(15:0/16:0)_A",0.345630754587946,234432.29819,198104.895328,36327.402862
"204","C_O.TG(56:2)","H_O.TG(56:2)",0.345793884418923,432519.255233333,403266.44064,29252.814593333
"110","C_O.PC(18:1/18:1)_B","H_O.PC(18:1/18:1)_B",0.350527338553501,373686.835966667,344763.72814,28923.107826667
"170","C_O.TG(52:4)","H_O.TG(52:4)",0.354189558662591,5035799.58333333,4770548.55,265251.03333333
"178","C_O.TG(53:3)","H_O.TG(53:3)",0.354300798477425,1102531.20833333,1070198.3625,32332.8458333299
"17","C_M.DG(17:0/0:0/17:0)","H_M.DG(17:0/0:0/17:0)",0.361886031636949,255497.02085,240616.65627,14880.36458
"109","C_M.PC(18:1/18:1)_B","H_M.PC(18:1/18:1)_B",0.370178157417821,237711.5599,217766.185955,19945.373945
"297","C_M.PE(17:1/17:1)","H_M.PE(17:1/17:1)",0.370274921756886,999224.375,904026.95938,95197.41562
"359","C_M.PG(16:0/19:1)","H_M.PG(16:0/19:1)",0.373599624376357,604274.8204,527853.264861,76421.555539
"323","C_M.PE(O-15:0/15:1)_A","H_M.PE(O-15:0/15:1)_A",0.37992004611311,1895088.14583333,1646959.02818,248129.11765333
"156","C_O.TG(50:4)","H_O.TG(50:4)",0.380048425985476,516122.354183333,467658.53128,48463.822903333
"29","C_M.DGDG(15:0/16:1)","H_M.DGDG(15:0/16:1)",0.386548058402454,250710.588566667,235718.5258,14992.062766667
"288","C_O.PE(16:1/18:1)","H_O.PE(16:1/18:1)",0.386999370788569,3816350.0625,3472595.575,343754.4875
"376","C_O.PG(18:1/18:1)","H_O.PG(18:1/18:1)",0.390751584469472,1966766.46355,1762157.325,204609.13855
"143","C_M.TG(48:3)","H_M.TG(48:3)",0.395646254864786,4063777.83333333,3770169.1375,293608.69583333
"160","C_O.TG(51:2)","H_O.TG(51:2)",0.398053535692057,1035130.57291667,1001842.55,33288.02291667
"254","C_O.PE(15:0/16:1)_B","H_O.PE(15:0/16:1)_B",0.404036813913561,927336.385433333,858198.91876,69137.466673333
"132","C_O.TG(47:1)","H_O.TG(47:1)",0.405012283843478,394668.14065,378607.50004,16060.64061
"20","C_O.DG(18:1/0:0/18:1)","H_O.DG(18:1/0:0/18:1)",0.408200629264097,1427589.46875,1336923.2875,90666.1812499999
"55","C_M.DGTSA(16:0/18:2)","H_M.DGTSA(16:0/18:2)",0.420897500872453,7954689.88541667,7433457.6,521232.28541667
"257","C_M.PE(15:0/17:1)","H_M.PE(15:0/17:1)",0.421676645733164,5898201.70833333,5510919.45,387282.25833333
"293","C_M.PE(17:0/17:0)","H_M.PE(17:0/17:0)",0.432240529177846,2088951.16666667,1982379.50625,106571.66041667
"154","C_O.TG(50:3)","H_O.TG(50:3)",0.43782734072905,2194403.39583333,2108699.95,85703.44583333
"176","C_O.TG(53:2)","H_O.TG(53:2)",0.438206790183885,683221.239583333,672036.9375,11184.302083333
"207","C_M.TG(56:5)","H_M.TG(56:5)",0.439121373439485,665724.687516667,627438.37345,38286.314066667
"302","C_O.PE(17:1/19:1)","H_O.PE(17:1/19:1)",0.443647330792327,3131549.85416667,2999067.4,132482.45416667
"75","C_M.DGTSA(17:0/19:0)","H_M.DGTSA(17:0/19:0)",0.449261104907625,1237889.32291667,1203960.90625,33928.41666667
"277","C_M.PE(16:0/19:1)","H_M.PE(16:0/19:1)",0.450201725121227,2456710.79166667,2352527.35005,104183.44161667
"42","C_O.DGDG(19:1/19:1)","H_O.DGDG(19:1/19:1)",0.453147154588567,5030029.54166667,4987902.8,42126.74166667
"255","C_M.PE(15:0/17:0)","H_M.PE(15:0/17:0)",0.455227965659214,3486328.91666667,3347583.075,138745.84166667
"315","C_M.PE(19:1/19:1)","H_M.PE(19:1/19:1)",0.458754579108154,4004403.4375,3873405.2875,130998.15
"280","C_O.PE(16:1/16:1)","H_O.PE(16:1/16:1)",0.469701162739132,4433039.4375,4338840.85,94198.5875000004
"106","C_O.PC(17:1/19:1)","H_O.PC(17:1/19:1)",0.477304428022245,7917432.08333333,7846116.2,71315.88333333
"375","C_M.PG(18:1/18:1)","H_M.PG(18:1/18:1)",0.479352740102455,1850550.27083333,1808139.43761,42410.8332233301
"268","C_O.PE(15:1/17:1)","H_O.PE(15:1/17:1)",0.483025470863422,484517.557291667,471262.5344,13255.022891667
"267","C_M.PE(15:1/17:1)","H_M.PE(15:1/17:1)",0.485483529002321,831730.861983333,818042.93281,13687.929173333
"224","C_O.TG(58:3)","H_O.TG(58:3)",0.488720954051243,149137.394548333,148455.45,681.944548332976
"241","C_M.PE(14:0/16:1);PE(15:0/15:1)_A","H_M.PE(14:0/16:1);PE(15:0/15:1)_A",0.489204177416606,1442097.21875,1426665.60313,15431.6156200001
"321","C_M.PE(O-15:0/15:0)","H_M.PE(O-15:0/15:0)",0.489417389650004,2241152.05208333,2215012.40625,26139.6458333302
"146","C_O.TG(49:1)","H_O.TG(49:1)",0.494517392771407,475850.77085,474777.01252,1073.75832999998
"210","C_O.TG(56:6)_A","H_O.TG(56:6)_A",0.49816247862092,260781.6771,260467.76878,313.908319999988
"200","C_O.TG(55:3)","H_O.TG(55:3)",0.500007733848661,312453.343783333,312454.07504,-0.731256667000707
"209","C_M.TG(56:6)_A","H_M.TG(56:6)_A",0.501469681724945,806817.398433333,807991.58907,-1174.19063666696
"310","C_O.PE(18:1/19:1)_A","H_O.PE(18:1/19:1)_A",0.505859723669891,1421266.46883333,1427700.55,-6434.08116666996
"121","C_M.PC(19:1/0:0)","H_M.PC(19:1/0:0)",0.508548241368572,290281.62242,293322.876563,-3041.254143
"196","C_O.TG(54:6)","H_O.TG(54:6)",0.512580991126892,7525484.25,7578160.7,-52676.4500000002
"188","C_O.TG(54:2)","H_O.TG(54:2)",0.513185663143374,3178070.66666667,3203764.175,-25693.50833333
"147","C_M.TG(49:2)","H_M.TG(49:2)",0.520745061076271,737920.104166667,747390.48125,-9470.37708333298
"295","C_M.PE(17:0/18:1)","H_M.PE(17:0/18:1)",0.52204093163096,1886591.44791667,1927768.25005,-41176.8021333299
"25","C_M.DGDG(14:0/18:1);DGDG(15:0/17:1)","H_M.DGDG(14:0/18:1);DGDG(15:0/17:1)",0.532840618953707,815625.020833333,825938.075,-10313.0541666669
"272","C_O.PE(16:0/17:1)","H_O.PE(16:0/17:1)",0.551668763090663,3039053.16666667,3206991.85,-167938.68333333
"269","C_M.PE(16:0/17:0)","H_M.PE(16:0/17:0)",0.554182791020789,746681.057316667,785429.21406,-38748.156743333
"192","C_O.TG(54:4)","H_O.TG(54:4)",0.558404477263624,10817589.8333333,11034709.3,-217119.4666667
"260","C_O.PE(15:0/17:1);PE(16:0/16:1)","H_O.PE(15:0/17:1);PE(16:0/16:1)",0.570797536739099,3106749.58333333,3345155.25,-238405.66666667
"284","C_O.PE(16:1/17:1)_A","H_O.PE(16:1/17:1)_A",0.577545160246351,1692070.29166667,1804270.8375,-112200.54583333
"190","C_O.TG(54:3)","H_O.TG(54:3)",0.578116503834517,13800000,14250476.6,-450476.6
"206","C_O.TG(56:3)","H_O.TG(56:3)",0.579631224496379,427599.463566667,448690.36252,-21090.898953333
"250","C_O.PE(15:0/16:0)","H_O.PE(15:0/16:0)",0.586244925010918,948275.546883333,1029787.2375,-81511.690616667
"236","C_O.Cer(d18:0/16:0)","H_O.Cer(d18:0/16:0)",0.594217223713467,545944.02605,601141.79376,-55197.76771
"164","C_O.TG(52:1)","H_O.TG(52:1)",0.60423338723826,739470.46875,801003.25002,-61532.78127
"244","C_O.PE(14:0/16:1);PE(15:0/15:1)_B","H_O.PE(14:0/16:1);PE(15:0/15:1)_B",0.607306063195204,917160.864583333,998913.6625,-81752.797916667
"150","C_O.TG(50:1)","H_O.TG(50:1)",0.608361911686102,870989.052083333,915364.15,-44375.097916667
"91","C_M.HexCer(d18:2/18:1)","H_M.HexCer(d18:2/18:1)",0.608370863947914,226220.251953333,257701.47657,-31481.224616667
"85","C_M.DGTSA(35:0)","H_M.DGTSA(35:0)",0.611288777873458,1410211.91666667,1503891.0875,-93679.1708333299
"247","C_M.PE(15:0/15:0)","H_M.PE(15:0/15:0)",0.618607523500789,3273296.64583333,3552257.5125,-278960.86666667
"34","C_O.DGDG(15:0/18:1)","H_O.DGDG(15:0/18:1)",0.618896316360069,244025.40625,264429.63126,-20404.22501
"183","C_M.TG(53:6)","H_M.TG(53:6)",0.622320146374036,199665.333366667,218440.344551,-18775.011184333
"8","C_O.DG(16:0/17:0/0:0)","H_O.DG(16:0/17:0/0:0)",0.631127736168317,375636.791683333,389739.60004,-14102.808356667
"252","C_O.PE(15:0/16:1)_A","H_O.PE(15:0/16:1)_A",0.638113034792888,7315217.70833333,8135392.8,-820175.09166667
"298","C_O.PE(17:1/17:1)","H_O.PE(17:1/17:1)",0.652925357593184,652321.89585,730114.7375,-77792.8416500001
"264","C_O.PE(15:1/16:1)_A","H_O.PE(15:1/16:1)_A",0.653629187730999,276952.777366667,318538.42502,-41585.647653333
"282","C_O.PE(16:1/17:0);PE(15:0/18:1)","H_O.PE(16:1/17:0);PE(15:0/18:1)",0.66131264147864,2872503.52083333,3386283.775,-513780.25416667
"232","C_O.TG(60:2)","H_O.TG(60:2)",0.664184035842933,145062.23567,161271.32344,-16209.08777
"168","C_O.TG(52:3)","H_O.TG(52:3)",0.666559605166367,6465538.08333333,6932490.7,-466952.61666667
"219","C_M.TG(58:11)","H_M.TG(58:11)",0.668052917643035,233420.121083333,328646.247674,-95226.126590667
"162","C_O.TG(51:4)","H_O.TG(51:4)",0.673222143939054,437776.520866667,487670.21252,-49893.691653333
"116","C_O.PC(18:1/19:1)","H_O.PC(18:1/19:1)",0.675963546373154,4501530.29166667,5021241.45,-519711.15833333
"152","C_O.TG(50:2)","H_O.TG(50:2)",0.689457147389068,2629554.9375,2846883.1,-217328.1625
"124","C_O.PC(19:1/19:1)","H_O.PC(19:1/19:1)",0.689964569568506,28383333.3333333,30140000,-1756666.6666667
"238","C_O.Cer(d18:1/16:0)","H_O.Cer(d18:1/16:0)",0.691412325233092,320101.76565,403570.14062,-83468.37497
"242","C_O.PE(14:0/16:1);PE(15:0/15:1)_A","H_O.PE(14:0/16:1);PE(15:0/15:1)_A",0.696912157941904,971002.114583333,1115693.525,-144691.410416667
"2","C_O.CoQ10","H_O.CoQ10",0.704694668312566,1208233.80208333,1272505.6626,-64271.8605166699
"274","C_O.PE(16:0/18:1);PE(15:0/19:1)","H_O.PE(16:0/18:1);PE(15:0/19:1)",0.714149203702905,2066898.375,2707829.025,-640930.65
"212","C_O.TG(56:6)_B","H_O.TG(56:6)_B",0.715900389845483,363989.895866667,390246.78752,-26256.891653333
"7","C_M.DG(16:0/17:0/0:0)","H_M.DG(16:0/17:0/0:0)",0.719761139027829,292621.252616667,329960.27345,-37339.020833333
"158","C_O.TG(51:1)","H_O.TG(51:1)",0.7260323421966,312246.9922,343015.20002,-30768.20782
"324","C_O.PE(O-15:0/15:1)_A","H_O.PE(O-15:0/15:1)_A",0.726747588201713,978112.677083333,1309876.55,-331763.872916667
"300","C_O.PE(17:1/18:1);PE(16:1/19:1)_A","H_O.PE(17:1/18:1);PE(16:1/19:1)_A",0.736152555786952,892535.192716667,1109439.75,-216904.557283333
"261","C_M.PE(15:0/18:0);PE(16:0/17:0)","H_M.PE(15:0/18:0);PE(16:0/17:0)",0.739464363763073,757731.752616667,1068858.86719,-311127.114573333
"26","C_O.DGDG(14:0/18:1);DGDG(15:0/17:1)","H_O.DGDG(14:0/18:1);DGDG(15:0/17:1)",0.743194800505003,545654.2448,605178.95,-59524.7052
"48","C_O.DGTSA(16:0/16:1)_A","H_O.DGTSA(16:0/16:1)_A",0.745621481072035,723395.3125,793043.1375,-69647.825
"218","C_O.TG(58:1)","H_O.TG(58:1)",0.746132309267496,50616.3014333333,57566.990628,-6950.6891946667
"329","C_M.PE(O-17:0/17:0)","H_M.PE(O-17:0/17:0)",0.74698252571253,1612752.44791667,2163806.87501,-551054.42709333
"27","C_M.DGDG(15:0/15:0)","H_M.DGDG(15:0/15:0)",0.74769550994445,375890.64325,423328.47189,-47437.82864
"294","C_O.PE(17:0/17:0)","H_O.PE(17:0/17:0)",0.748802916055886,1409610.125,2007472.3625,-597862.2375
"296","C_O.PE(17:0/18:1)","H_O.PE(17:0/18:1)",0.750371855906768,1136537.38541667,1602936.60626,-466399.22084333
"74","C_O.DGTSA(17:0/17:0)","H_O.DGTSA(17:0/17:0)",0.751618671486022,1138789.36458333,1271303.6,-132514.23541667
"194","C_O.TG(54:5)","H_O.TG(54:5)",0.751624118127974,8495128.58333333,9170539.2,-675410.616666669
"258","C_O.PE(15:0/17:1)","H_O.PE(15:0/17:1)",0.755155394909079,3922535.1875,4880158.2,-957623.0125
"304","C_O.PE(18:1/18:1)","H_O.PE(18:1/18:1)",0.762980538473499,6831352.41666667,8957986.85,-2126634.43333333
"320","C_O.PE(36:1)","H_O.PE(36:1)",0.772557486208337,575511.89585,769434.94376,-193923.04791
"316","C_O.PE(19:1/19:1)","H_O.PE(19:1/19:1)",0.774053704508853,2934027.10416667,3667954.125,-733927.02083333
"312","C_O.PE(18:1/19:1)_B","H_O.PE(18:1/19:1)_B",0.778052534538023,3321787.79166667,4178131.375,-856343.58333333
"270","C_O.PE(16:0/17:0)","H_O.PE(16:0/17:0)",0.781377306672128,456814.476566667,766821.48126,-310007.004693333
"113","C_M.PC(18:1/18:2)_B","H_M.PC(18:1/18:2)_B",0.788141247415532,3069072.91666667,4142045.2,-1072972.28333333
"292","C_O.PE(16:1/19:1)_B","H_O.PE(16:1/19:1)_B",0.788724001203356,392428.372416667,574721.37502,-182293.002603333
"256","C_O.PE(15:0/17:0)","H_O.PE(15:0/17:0)",0.791322518734477,1874775.5105,2997505.15,-1122729.6395
"166","C_O.TG(52:2)","H_O.TG(52:2)",0.807005228243547,6499513.16666667,7478957.2,-979444.03333333
"322","C_O.PE(O-15:0/15:0)","H_O.PE(O-15:0/15:0)",0.808510317665545,1205221.89591667,2100913.525,-895691.62908333
"307","C_M.PE(18:1/18:2)_B","H_M.PE(18:1/18:2)_B",0.811649851021167,2667948.86458333,4331397.6875,-1663448.82291667
"230","C_O.TG(59:3)","H_O.TG(59:3)",0.811936456642832,55577.4231766667,64200.204688,-8622.7815113333
"326","C_O.PE(O-15:0/15:1)_B","H_O.PE(O-15:0/15:1)_B",0.822635749687687,747723.919266667,1164669.53752,-416945.618253333
"328","C_O.PE(O-16:0/15:1)","H_O.PE(O-16:0/15:1)",0.823889531112714,215329.382486667,406328.299998,-190998.917511333
"184","C_O.TG(53:6)","H_O.TG(53:6)",0.82434155476684,476004.9922,717238.7125,-241233.7203
"278","C_O.PE(16:0/19:1)","H_O.PE(16:0/19:1)",0.833459641252261,1645233.60425,2331522.625,-686289.02075
"33","C_M.DGDG(15:0/18:1)","H_M.DGDG(15:0/18:1)",0.834192951825671,306879.2448,377752.20939,-70872.96459
"262","C_O.PE(15:0/18:0);PE(16:0/17:0)","H_O.PE(15:0/18:0);PE(16:0/17:0)",0.849424182618424,257042.783855,1092489.39062,-835446.606765
"28","C_O.DGDG(15:0/15:0)","H_O.DGDG(15:0/15:0)",0.870956249769264,195924.209633333,254117.5125,-58193.302866667
"248","C_O.PE(15:0/15:0)","H_O.PE(15:0/15:0)",0.874231549936024,2191427.85416667,3599279.2,-1407851.34583333
"308","C_O.PE(18:1/18:2)_B","H_O.PE(18:1/18:2)_B",0.882695930405947,1537061.69791667,3320848.8,-1783787.10208333
"36","C_O.DGDG(15:0/19:1)","H_O.DGDG(15:0/19:1)",0.883896167971511,155919.235683333,244988.78752,-89069.551836667
"234","C_O.TG(60:3)","H_O.TG(60:3)",0.887024593482861,97605.839835,128146.857838,-30541.018003
"174","C_O.TG(53:1)","H_O.TG(53:1)",0.895981865009891,141179.181001667,226393.03128,-85213.850278333
"148","C_O.TG(49:2)","H_O.TG(49:2)",0.900154053806681,560040.598966667,707271.75626,-147231.157293333
"216","C_O.TG(56:8)","H_O.TG(56:8)",0.90153269737856,85782.1061266667,129916.687498,-44134.5813713333
"31","C_M.DGDG(15:0/17:0)","H_M.DGDG(15:0/17:0)",0.915929095962034,717704.4948,965334.85625,-247630.36145
"330","C_O.PE(O-17:0/17:0)","H_O.PE(O-17:0/17:0)",0.923783531098263,911138.479166667,1734732.74376,-823594.264593333
"208","C_O.TG(56:5)","H_O.TG(56:5)",0.941145951208782,252179.760433333,306220.08126,-54040.320826667
"46","C_O.DGTSA(15:0/17:0)","H_O.DGTSA(15:0/17:0)",0.941718651219168,316912.093766667,452542.96876,-135630.874993333
"32","C_O.DGDG(15:0/17:0)","H_O.DGDG(15:0/17:0)",0.954316089684629,351301.21615,572970.925,-221669.70885
"86","C_O.DGTSA(35:0)","H_O.DGTSA(35:0)",0.957117720527259,631305.750016667,888270.5127,-256964.762683333
"76","C_O.DGTSA(17:0/19:0)","H_O.DGTSA(17:0/19:0)",0.971379012213628,422784.640633333,635360.05626,-212575.415626667
"180","C_O.TG(53:4)","H_O.TG(53:4)",0.973247169692415,828832.333333333,1042767.6625,-213935.329166667
"35","C_M.DGDG(15:0/19:1)","H_M.DGDG(15:0/19:1)",0.974255377865977,354790.401083333,553387.53751,-198597.136426667
"182","C_O.TG(53:5)","H_O.TG(53:5)",0.98450001037362,416334.968766667,605734.1375,-189399.168733333
"226","C_O.TG(58:9)","H_O.TG(58:9)",0.984574440788974,153796.6693,202679.125,-48882.4557
"114","C_O.PC(18:1/18:2)_B","H_O.PC(18:1/18:2)_B",0.994432644010769,1153360.04191667,2259644.1,-1106284.05808333
